movieCd,movieNm,movieNmEn,watchGradeNm,openDt,showTm,genreNm,directors
20185353,기방도령,HOMME FATALE,"[{'auditNo': '2019-MF01115', 'watchGradeNm': '15세이상관람가'}]",20190710,110,"[{'genreNm': '코미디'}, {'genreNm': '사극'}]","[{'peopleNm': '남대중', 'peopleNmEn': 'NAM Dae-joong'}]"
20185986,진범,The Culprit,"[{'auditNo': '2019-MF00987', 'watchGradeNm': '15세이상관람가'}]",20190710,100,[{'genreNm': '스릴러'}],"[{'peopleNm': '고정욱', 'peopleNmEn': 'KO Jeong-wook'}]"
20191601,극장판 엉덩이 탐정: 화려한 사건 수첩,Butt Detective The Movie,"[{'auditNo': '2019-MF01253', 'watchGradeNm': '전체관람가'}]",20190711,68,[{'genreNm': '애니메이션'}],"[{'peopleNm': '히라야마 미호', 'peopleNmEn': 'Miho Hirayama'}]"
20192151,미드소마,Midsommar,"[{'auditNo': '2019-MF01288', 'watchGradeNm': '청소년관람불가'}]",20190711,147,[{'genreNm': '공포(호러)'}],"[{'peopleNm': '아리 애스터', 'peopleNmEn': 'Ari Aster'}]"
20196309,스파이더맨: 파 프롬 홈,Spider-Man: Far From Home,"[{'auditNo': '2019-MF01195', 'watchGradeNm': '12세이상관람가'}, {'auditNo': '2019-MF01230 ', 'watchGradeNm': '12세이상관람가'}]",20190702,129,"[{'genreNm': '액션'}, {'genreNm': '어드벤처'}, {'genreNm': '코미디'}, {'genreNm': 'SF'}]","[{'peopleNm': '존 왓츠', 'peopleNmEn': 'Jon Watts'}]"
20192591,BIFAN2019 판타스틱 단편 걸작선 1,Fantastic Short Films 1,[],,,[{'genreNm': '기타'}],[]
20199951,애나벨 집으로,Annabelle Comes Home,"[{'auditNo': '2019-MF01174', 'watchGradeNm': '15세이상관람가'}]",20190626,105,"[{'genreNm': '공포(호러)'}, {'genreNm': '미스터리'}, {'genreNm': '스릴러'}]","[{'peopleNm': '게리 도버먼', 'peopleNmEn': 'Gary Dauberman'}]"
20182585,비스트,The Beast,"[{'auditNo': '2019-MF01138', 'watchGradeNm': '15세이상관람가'}]",20190626,130,"[{'genreNm': '범죄'}, {'genreNm': '스릴러'}]","[{'peopleNm': '이정호', 'peopleNmEn': 'LEE Jeong-ho'}]"
20192022,마담 싸이코,Greta,"[{'auditNo': '2019-MF01056', 'watchGradeNm': '15세이상관람가'}]",20190626,98,"[{'genreNm': '공포(호러)'}, {'genreNm': '스릴러'}]","[{'peopleNm': '닐 조단', 'peopleNmEn': 'Neil Jordan'}]"
20184047,토이 스토리 4,Toy Story 4,"[{'auditNo': '2019-MF01049', 'watchGradeNm': '전체관람가'}, {'auditNo': '2019-MF01083 ', 'watchGradeNm': '전체관람가'}]",20190620,99,"[{'genreNm': '애니메이션'}, {'genreNm': '어드벤처'}, {'genreNm': '코미디'}]","[{'peopleNm': '조시 쿨리', 'peopleNmEn': 'Josh Cooley'}]"
20198453,롱 리브 더 킹: 목포 영웅,Long Live the King,"[{'auditNo': '2019-MF01030', 'watchGradeNm': '15세이상관람가'}]",20190619,117,"[{'genreNm': '액션'}, {'genreNm': '드라마'}]","[{'peopleNm': '강윤성', 'peopleNmEn': 'KANG Yun-sung'}]"
20196655,존 윅 3: 파라벨룸,John Wick: Chapter 3 - parabellum,"[{'auditNo': '2019-MF01103', 'watchGradeNm': '청소년관람불가'}]",20190626,131,"[{'genreNm': '액션'}, {'genreNm': '범죄'}, {'genreNm': '스릴러'}]","[{'peopleNm': '채드 스타헬스키', 'peopleNmEn': 'Chad Stahelski'}]"
20190885,사탄의 인형,Child's Play,"[{'auditNo': '2019-MF01139', 'watchGradeNm': '청소년관람불가'}]",20190620,90,[{'genreNm': '공포(호러)'}],"[{'peopleNm': '라스 클리브버그', 'peopleNmEn': 'Lars Klevberg'}]"
20196657,맨 인 블랙: 인터내셔널,Men in Black: International,"[{'auditNo': '2019-MF01082', 'watchGradeNm': '12세이상관람가'}]",20190612,115,"[{'genreNm': '액션'}, {'genreNm': '코미디'}, {'genreNm': 'SF'}]","[{'peopleNm': 'F. 게리 그레이', 'peopleNmEn': 'F. Gary Gray'}]"
20190273,천로역정: 천국을 찾아서,The Pilgrim's Progress,"[{'auditNo': '2019-MF00833', 'watchGradeNm': '전체관람가'}]",20190613,113,"[{'genreNm': '애니메이션'}, {'genreNm': '어드벤처'}]","[{'peopleNm': '로버트 페르난데스', 'peopleNmEn': 'Robert Fernandez'}]"
20191401,업사이드,The Upside,"[{'auditNo': '2019-MF00767 ', 'watchGradeNm': '12세이상관람가'}]",20190613,125,"[{'genreNm': '코미디'}, {'genreNm': '드라마'}]","[{'peopleNm': '닐 버거', 'peopleNmEn': 'Neil Burger'}]"
20190466,세상을 바꾼 변호인,ON THE BASIS OF SEX,"[{'auditNo': '2019-MF00283', 'watchGradeNm': '12세이상관람가'}]",20190613,120,[{'genreNm': '드라마'}],"[{'peopleNm': '미미 레더', 'peopleNmEn': 'Mimi Leder'}]"
20182387,엑스맨: 다크 피닉스,X-MEN: DARK PHOENIX,"[{'auditNo': '2019-MF00911', 'watchGradeNm': '12세이상관람가'}, {'auditNo': '2019-MF00934 ', 'watchGradeNm': '12세이상관람가'}]",20190605,113,"[{'genreNm': '액션'}, {'genreNm': '어드벤처'}, {'genreNm': 'SF'}]","[{'peopleNm': '사이먼 킨버그', 'peopleNmEn': 'Simon Kinberg'}]"
19880001,이웃집 토토로,My Neighbor Totoro,"[{'auditNo': '2001-F192', 'watchGradeNm': '전체관람가'}]",20010728,87,"[{'genreNm': '애니메이션'}, {'genreNm': '드라마'}]","[{'peopleNm': '미야자키 하야오', 'peopleNmEn': 'Hayao Miyazaki'}]"
20198291,로켓맨,Rocketman,"[{'auditNo': '2019-MF00994', 'watchGradeNm': '15세이상관람가'}]",20190605,121,"[{'genreNm': '드라마'}, {'genreNm': '판타지'}]","[{'peopleNm': '덱스터 플레처', 'peopleNmEn': 'Dexter Fletcher'}]"
20199063,빅샤크2: 해저2만리,Happy Little Submarine : 20000 Leagues under the Sea,"[{'auditNo': '2019-MF00822', 'watchGradeNm': '전체관람가'}]",20190606,74,"[{'genreNm': '애니메이션'}, {'genreNm': '어드벤처'}]","[{'peopleNm': '신우', 'peopleNmEn': 'Shen Yu'}]"
20183782,기생충,PARASITE,"[{'auditNo': '2019-MF00595', 'watchGradeNm': '15세이상관람가'}]",20190530,131,[{'genreNm': '드라마'}],"[{'peopleNm': '봉준호', 'peopleNmEn': 'BONG Joon-ho'}]"
20184865,고질라: 킹 오브 몬스터,Godzilla: King of the Monsters,"[{'auditNo': '2019-MF00598', 'watchGradeNm': '12세이상관람가'}, {'auditNo': '2019-MF00977 ', 'watchGradeNm': '12세이상관람가'}]",20190529,131,"[{'genreNm': '액션'}, {'genreNm': '어드벤처'}, {'genreNm': 'SF'}]","[{'peopleNm': '마이클 도허티', 'peopleNmEn': 'Michael Dougherty'}]"
20188144,0.0MHz,0.0MHz,"[{'auditNo': '2019-MF00928', 'watchGradeNm': '15세이상관람가'}]",20190529,101,[{'genreNm': '공포(호러)'}],"[{'peopleNm': '유선동', 'peopleNmEn': 'YOU Sun-dong'}]"
20183867,알라딘,Aladdin,"[{'auditNo': '2019-MF00816', 'watchGradeNm': '전체관람가'}, {'auditNo': '2019-MF00865 ', 'watchGradeNm': '전체관람가'}]",20190523,127,"[{'genreNm': '어드벤처'}, {'genreNm': '가족'}, {'genreNm': '판타지'}]","[{'peopleNm': '가이 리치', 'peopleNmEn': 'Guy Ritchie'}]"
20199448,어린 의뢰인,My First Client,"[{'auditNo': '2019-MF00619', 'watchGradeNm': '12세이상관람가'}]",20190522,114,"[{'genreNm': '드라마'}, {'genreNm': '가족'}]","[{'peopleNm': '장규성', 'peopleNmEn': 'JANG Kyu-sung'}]"
20199822,더 보이,Brightburn,"[{'auditNo': '2019-MF00787', 'watchGradeNm': '15세이상관람가'}]",20190523,90,"[{'genreNm': '공포(호러)'}, {'genreNm': 'SF'}]","[{'peopleNm': '데이빗 야로베스키', 'peopleNmEn': 'David Yarovesky'}]"
20198597,교회오빠,A Job Who Is near Us,"[{'auditNo': '2019-MF00497', 'watchGradeNm': '전체관람가'}]",20190516,84,[{'genreNm': '다큐멘터리'}],"[{'peopleNm': '이호경', 'peopleNmEn': ''}]"
20197503,서스페리아,Suspiria,"[{'auditNo': '2019-MF00409', 'watchGradeNm': '청소년관람불가'}]",20190516,152,[{'genreNm': '공포(호러)'}],"[{'peopleNm': '루카 구아다니노', 'peopleNmEn': 'Luca Guadagnino'}]"
20184082,걸캅스,Miss & Mrs. Cops,"[{'auditNo': '2019-MF00620', 'watchGradeNm': '15세이상관람가'}]",20190509,107,"[{'genreNm': '코미디'}, {'genreNm': '액션'}]","[{'peopleNm': '정다원', 'peopleNmEn': 'JUNG Da-won'}]"
20185384,호텔 뭄바이,Hotel Mumbai,"[{'auditNo': '2019-MF00645', 'watchGradeNm': '15세이상관람가'}]",20190508,122,[{'genreNm': '스릴러'}],"[{'peopleNm': '앤소니 마라스', 'peopleNmEn': 'Anthony Maras'}]"
20188941,악인전,"The Gangster, The Cop, The Devil","[{'auditNo': '2019-MF00730', 'watchGradeNm': '청소년관람불가'}]",20190515,109,"[{'genreNm': '범죄'}, {'genreNm': '액션'}]","[{'peopleNm': '이원태', 'peopleNmEn': 'LEE Won-tae'}]"
20187981,배심원들,Juror 8,"[{'auditNo': '2019-MF00546', 'watchGradeNm': '12세이상관람가'}]",20190515,113,[{'genreNm': '드라마'}],"[{'peopleNm': '홍승완', 'peopleNmEn': 'HONG Seung-wan'}]"
20185784,나의 특별한 형제,Inseparable Bros,"[{'auditNo': '2019-MF00599', 'watchGradeNm': '12세이상관람가'}]",20190501,113,"[{'genreNm': '드라마'}, {'genreNm': '코미디'}]","[{'peopleNm': '육상효', 'peopleNmEn': 'YOOK Sang-hyo'}]"
20198598,명탐정 피카츄,Pokemon Detective Pikachu,"[{'auditNo': '2019-MF00731 ', 'watchGradeNm': '전체관람가'}, {'auditNo': '2019-MF00831 ', 'watchGradeNm': '전체관람가'}]",20190509,104,"[{'genreNm': '액션'}, {'genreNm': '어드벤처'}, {'genreNm': '코미디'}]","[{'peopleNm': '롭 레터맨', 'peopleNmEn': 'Rob Letterman'}]"
20197147,어글리 돌,UglyDolls,"[{'auditNo': '2019-MF00786 ', 'watchGradeNm': '전체관람가'}]",20190501,87,[{'genreNm': '애니메이션'}],"[{'peopleNm': '캘리 애스버리', 'peopleNmEn': 'Kelly Asbury'}]"
20169323,안도 타다오,Samurai Architect Tadao Ando,"[{'auditNo': '2017-MF00115', 'watchGradeNm': '전체관람가'}]",20190425,73,[{'genreNm': '다큐멘터리'}],"[{'peopleNm': '미즈노 시게노리', 'peopleNmEn': 'Mizuno Shigenori'}]"
20060347,판의 미로 - 오필리아와 세 개의 열쇠,Pan's Labyrinth,"[{'auditNo': '2006-F355', 'watchGradeNm': '15세이상관람가'}]",20061130,118,"[{'genreNm': '드라마'}, {'genreNm': '판타지'}, {'genreNm': '전쟁'}]","[{'peopleNm': '길예르모 델 토로', 'peopleNmEn': 'Guillermo Del Toro'}]"
20199736,프렌즈: 둥지탈출,Manou the Swift,"[{'auditNo': '2019-MF00727', 'watchGradeNm': '전체관람가'}]",20190501,87,"[{'genreNm': '애니메이션'}, {'genreNm': '어드벤처'}, {'genreNm': '코미디'}]","[{'peopleNm': '크리스찬 하스', 'peopleNmEn': 'Christian Haas'}, {'peopleNm': '안드레아 블록', 'peopleNmEn': 'Andrea Block'}]"
20184889,어벤져스: 엔드게임,Avengers: Endgame,"[{'auditNo': '2019-MF00676', 'watchGradeNm': '12세이상관람가'}, {'auditNo': '2019-MF00709', 'watchGradeNm': '12세이상관람가'}]",20190424,180,"[{'genreNm': '액션'}, {'genreNm': 'SF'}]","[{'peopleNm': '안소니 루소', 'peopleNmEn': 'Anthony Russo'}, {'peopleNm': '조 루소', 'peopleNmEn': 'Joe Russo'}]"
20198183,뽀로로 극장판 보물섬 대모험,Treasure Island Adventure,"[{'auditNo': '2019-MF00545', 'watchGradeNm': '전체관람가'}]",20190425,79,"[{'genreNm': '애니메이션'}, {'genreNm': '가족'}]","[{'peopleNm': '김현호', 'peopleNmEn': 'KIM Hyun-ho'}, {'peopleNm': '윤창섭', 'peopleNmEn': 'Chang Sub Yoon'}]"
19990220,노팅 힐,Notting Hill,"[{'auditNo': '99-F039', 'watchGradeNm': '12세관람가'}]",19990703,124,"[{'genreNm': '멜로/로맨스'}, {'genreNm': '코미디'}]","[{'peopleNm': '로저 미첼', 'peopleNmEn': 'Roger Michell'}]"
20183454,요로나의 저주,The Curse of La Llorona,"[{'auditNo': '2019-MF00564', 'watchGradeNm': '15세이상관람가'}]",20190417,93,[{'genreNm': '공포(호러)'}],"[{'peopleNm': '마이클 차베즈', 'peopleNmEn': 'Michael Chaves'}]"
20198982,크게 될 놈,,"[{'auditNo': '2019-MF00494', 'watchGradeNm': '15세이상관람가'}]",20190418,108,[{'genreNm': '드라마'}],"[{'peopleNm': '강지은', 'peopleNmEn': 'KANG Ji-eun'}]"
20182501,왓칭,Watching,"[{'auditNo': '2019-MF00492', 'watchGradeNm': '15세이상관람가'}]",20190417,97,"[{'genreNm': '공포(호러)'}, {'genreNm': '스릴러'}]","[{'peopleNm': '김성기', 'peopleNmEn': ''}]"
20198844,아이 엠 마더,Peppermint,"[{'auditNo': '2019-MF00596', 'watchGradeNm': '15세이상관람가'}]",20190411,101,"[{'genreNm': '액션'}, {'genreNm': '드라마'}, {'genreNm': '스릴러'}]","[{'peopleNm': '피에르 모렐', 'peopleNmEn': 'Pierre Morel'}]"
20185406,헬보이,Hellboy,"[{'auditNo': '2019-MF00543', 'watchGradeNm': '청소년관람불가'}]",20190410,120,"[{'genreNm': '액션'}, {'genreNm': '어드벤처'}, {'genreNm': '판타지'}]","[{'peopleNm': '닐 마샬', 'peopleNmEn': 'Neil Marshall'}]"
20180825,미성년,Another Child,"[{'auditNo': '2019-MF00556', 'watchGradeNm': '15세이상관람가'}]",20190411,95,[{'genreNm': '드라마'}],"[{'peopleNm': '김윤석', 'peopleNmEn': 'KIM Yun-seok'}]"
20197423,공포의 묘지,Pet Sematary,"[{'auditNo': '2019-MF00565', 'watchGradeNm': '15세이상관람가'}]",20190410,100,"[{'genreNm': '공포(호러)'}, {'genreNm': '스릴러'}]","[{'peopleNm': '케빈 콜쉬', 'peopleNmEn': 'Kevin Kolsch'}, {'peopleNm': '데니스 위드미어', 'peopleNmEn': 'Dennis Widmyer'}]"
20198403,파이브 피트,Five Feet Apart,"[{'auditNo': '2019-MF00491', 'watchGradeNm': '15세이상관람가'}]",20190410,116,"[{'genreNm': '드라마'}, {'genreNm': '멜로/로맨스'}]","[{'peopleNm': '저스틴 밸도니', 'peopleNmEn': 'Justin Baldoni'}]"
20196244,샤잠!,SHAZAM!,"[{'auditNo': '2019-MF00510', 'watchGradeNm': '12세이상관람가'}, {'auditNo': '2019-MF00544', 'watchGradeNm': '12세이상관람가'}]",20190403,131,[{'genreNm': '액션'}],"[{'peopleNm': '데이비드 F. 샌드버그', 'peopleNmEn': 'David F. Sandberg'}]"
20183096,생일,Birthday,"[{'auditNo': '2019-MF00043', 'watchGradeNm': '전체관람가'}]",20190403,120,[{'genreNm': '드라마'}],"[{'peopleNm': '이종언', 'peopleNmEn': 'LEE Jong-un'}]"
20197092,로망,Romang,"[{'auditNo': '2019-MF00391', 'watchGradeNm': '전체관람가'}]",20190403,111,[{'genreNm': '멜로/로맨스'}],"[{'peopleNm': '이창근', 'peopleNmEn': 'LEE Chang-geun'}]"
20198104,바이스,VICE,"[{'auditNo': '2019-MF00446', 'watchGradeNm': '15세이상관람가'}]",20190411,132,[{'genreNm': '드라마'}],"[{'peopleNm': '아담 맥케이', 'peopleNmEn': 'Adam McKay'}]"
20185352,어스,Us,"[{'auditNo': '2019-MF00443', 'watchGradeNm': '15세이상관람가'}]",20190327,116,"[{'genreNm': '공포(호러)'}, {'genreNm': '스릴러'}]","[{'peopleNm': '조던 필', 'peopleNmEn': 'Jordan Peele'}]"
20196025,덤보,Dumbo,"[{'auditNo': '2019-MF00442', 'watchGradeNm': '전체관람가'}]",20190327,111,"[{'genreNm': '가족'}, {'genreNm': '판타지'}]","[{'peopleNm': '팀 버튼', 'peopleNmEn': 'Tim Burton'}]"
20183773,장난스런 키스,Fall in Love at First Kiss,"[{'auditNo': '2019-MF00410', 'watchGradeNm': '12세이상관람가'}]",20190327,122,[{'genreNm': '멜로/로맨스'}],"[{'peopleNm': '프랭키 첸', 'peopleNmEn': 'Frankie Chen'}]"
20166301,썬키스 패밀리,Sunkist Family,"[{'auditNo': '2019-MF00415', 'watchGradeNm': '15세이상관람가'}]",20190327,105,"[{'genreNm': '가족'}, {'genreNm': '멜로/로맨스'}, {'genreNm': '코미디'}]","[{'peopleNm': '김지혜', 'peopleNmEn': 'KIM Ji-hye'}]"
20197483,1919 유관순,1919 Yu-kwan-sun,"[{'auditNo': '2019-MF00396', 'watchGradeNm': '12세이상관람가'}]",20190314,79,[{'genreNm': '다큐멘터리'}],"[{'peopleNm': '신상민', 'peopleNmEn': 'SHIN Sang-min'}]"
20198146,콜레트,COLETTE,"[{'auditNo': '2019-MF00441', 'watchGradeNm': '15세이상관람가'}]",20190327,112,[{'genreNm': '드라마'}],"[{'peopleNm': '워시 웨스트모어랜드', 'peopleNmEn': 'Wash Westmoreland'}]"
20197846,악질경찰,Jo Pil-ho: The Dawning Rage,"[{'auditNo': '2019-MF00018', 'watchGradeNm': '청소년관람불가'}]",20190320,127,"[{'genreNm': '범죄'}, {'genreNm': '드라마'}]","[{'peopleNm': '이정범', 'peopleNmEn': 'LEE Jeong-beom'}]"
20175407,우상,Idol,"[{'auditNo': '2019-MF00359', 'watchGradeNm': '15세이상관람가'}]",20190320,143,[{'genreNm': '스릴러'}],"[{'peopleNm': '이수진', 'peopleNmEn': 'LEE Su-jin'}]"
20198603,페이트 스테이 나이트 헤븐즈필 제2장 로스트 버터플라이,Fate/stay night [Heaven's Feel] II.lost butterfly,"[{'auditNo': '2019-MF00422', 'watchGradeNm': '15세이상관람가'}]",20190321,117,"[{'genreNm': '애니메이션'}, {'genreNm': '액션'}, {'genreNm': '판타지'}]","[{'peopleNm': '스도 토모노리', 'peopleNmEn': 'Tomonori Sudo'}]"
20197617,정글북: 마법 원정대,Savva,"[{'auditNo': '2019-MF00429', 'watchGradeNm': '전체관람가'}]",20190321,80,"[{'genreNm': '애니메이션'}, {'genreNm': '어드벤처'}, {'genreNm': '판타지'}]","[{'peopleNm': '막심 파디브', 'peopleNmEn': 'Maksim Fadeev'}]"
20197283,이스케이프 룸,The Escape Room,"[{'auditNo': '2019-MF00376', 'watchGradeNm': '15세이상관람가'}]",20190314,99,"[{'genreNm': '액션'}, {'genreNm': '공포(호러)'}, {'genreNm': '스릴러'}]","[{'peopleNm': '애덤 로비텔', 'peopleNmEn': 'Adam Robitel'}]"
20176103,돈,Money,"[{'auditNo': '2019-MF00326', 'watchGradeNm': '15세이상관람가'}]",20190320,115,[{'genreNm': '범죄'}],"[{'peopleNm': '박누리', 'peopleNmEn': 'PARK Nu-ri'}]"
20197356,라스트 미션,The Mule,"[{'auditNo': '2019-MF00196', 'watchGradeNm': '15세이상관람가'}]",20190314,116,[{'genreNm': '드라마'}],"[{'peopleNm': '클린트 이스트우드', 'peopleNmEn': 'Clint Eastwood'}]"
20196723,숲속왕국의 꿀벌 여왕,Tall Tales,"[{'auditNo': '2019-MF00304', 'watchGradeNm': '전체관람가'}]",20190314,87,"[{'genreNm': '애니메이션'}, {'genreNm': '어드벤처'}, {'genreNm': '코미디'}]","[{'peopleNm': '아르나드 부롱', 'peopleNmEn': 'Arnaud Bouron'}, {'peopleNm': '안톤 크링스', 'peopleNmEn': 'Antoon Krings'}]"
20181877,캡틴 마블,Captain Marvel,"[{'auditNo': '2019-MF00306', 'watchGradeNm': '12세이상관람가'}, {'auditNo': '2019-MF00325', 'watchGradeNm': '12세이상관람가'}]",20190306,123,"[{'genreNm': '액션'}, {'genreNm': '어드벤처'}, {'genreNm': 'SF'}]","[{'peopleNm': '애너 보든', 'peopleNmEn': 'Anna Boden'}, {'peopleNm': '라이언 플렉', 'peopleNmEn': 'Ryan Fleck'}]"
20177282,리노,Lino - Adventure of Seven Lives,"[{'auditNo': '2019-MF00252', 'watchGradeNm': '전체관람가'}]",20190307,88,"[{'genreNm': '애니메이션'}, {'genreNm': '어드벤처'}, {'genreNm': '가족'}]","[{'peopleNm': '라파엘 리바스', 'peopleNmEn': 'Rafael Ribas'}]"
20196601,항거:유관순 이야기,A Resistance,"[{'auditNo': '2019-MF00265', 'watchGradeNm': '12세이상관람가'}]",20190227,105,[{'genreNm': '드라마'}],"[{'peopleNm': '조민호', 'peopleNmEn': 'JOE Min-ho'}]"
20176442,자전차왕 엄복동,Race to Freedom : Um Bok Dong,"[{'auditNo': '2019-MF00324', 'watchGradeNm': '12세이상관람가'}]",20190227,116,[{'genreNm': '드라마'}],"[{'peopleNm': '김유성', 'peopleNmEn': 'KIM Ryu-sung'}]"
20195791,"어쩌다, 결혼",Trade Your Love,"[{'auditNo': '2018-MF01508', 'watchGradeNm': '12세이상관람가'}]",20190227,87,"[{'genreNm': '멜로/로맨스'}, {'genreNm': '코미디'}]","[{'peopleNm': '박수진', 'peopleNmEn': 'PARK Su-jin'}, {'peopleNm': '박호찬', 'peopleNmEn': 'PARK Ho-chan'}]"
20180937,더 페이버릿: 여왕의 여자,THE FAVOURITE,"[{'auditNo': '2019-MF00235', 'watchGradeNm': '15세이상관람가'}]",20190221,119,[{'genreNm': '드라마'}],"[{'peopleNm': '요르고스 란티모스', 'peopleNmEn': 'Giorgos Lanthimos'}]"
20177539,사바하,SVAHA : THE SIXTH FINGER,"[{'auditNo': '2019-MF00135', 'watchGradeNm': '15세이상관람가'}]",20190220,122,"[{'genreNm': '미스터리'}, {'genreNm': '스릴러'}]","[{'peopleNm': '장재현', 'peopleNmEn': 'JANG Jae-hyun'}]"
20195743,신데렐라:마법 반지의 비밀,Cinderella and The Secret Prince,"[{'auditNo': '2019-MF00052', 'watchGradeNm': '전체관람가'}]",20190220,87,"[{'genreNm': '애니메이션'}, {'genreNm': '판타지'}]","[{'peopleNm': '린 사우더랜드', 'peopleNmEn': 'Lynne Southerland'}]"
20020222,해리포터와 비밀의 방,Harry Potter And The Chamber Of Secrets,"[{'auditNo': '2002-F324', 'watchGradeNm': '전체관람가'}]",20021213,161,[{'genreNm': '드라마'}],"[{'peopleNm': '크리스 콜럼버스', 'peopleNmEn': 'Chris Columbus'}]"
20185576,콜드 체이싱,Cold Pursuit,"[{'auditNo': '2019-MF00262', 'watchGradeNm': '15세이상관람가'}]",20190220,118,[{'genreNm': '액션'}],"[{'peopleNm': '한스 페터 몰란트', 'peopleNmEn': 'Hans Petter Moland'}]"
20185881,증인,Innocent Witness,"[{'auditNo': '2019-MF00096', 'watchGradeNm': '12세이상관람가'}]",20190213,129,[{'genreNm': '드라마'}],"[{'peopleNm': '이한', 'peopleNmEn': 'LEE Han'}]"
20195915,해피 데스데이 2 유,Happy Death Day 2 U,"[{'auditNo': '2019-MF00108', 'watchGradeNm': '15세이상관람가'}]",20190214,100,"[{'genreNm': '공포(호러)'}, {'genreNm': '코미디'}]","[{'peopleNm': '크리스토퍼 랜던', 'peopleNmEn': 'Christopher Landon'}]"
20174169,기묘한 가족,THE ODD FAMILY : ZOMBIE ON SALE,"[{'auditNo': '2019-MF00106', 'watchGradeNm': '12세이상관람가'}]",20190213,111,"[{'genreNm': '코미디'}, {'genreNm': '가족'}]","[{'peopleNm': '이민재', 'peopleNmEn': 'LEE Min-jae'}]"
20184888,메리 포핀스 리턴즈,Mary Poppins Returns,"[{'auditNo': '2019-MF00061', 'watchGradeNm': '전체관람가'}]",20190214,130,"[{'genreNm': '판타지'}, {'genreNm': '뮤지컬'}]","[{'peopleNm': '롭 마샬', 'peopleNmEn': 'Rob Marshall'}]"
20162003,명탐정 코난:전율의 악보,Detective Conan: Full Score of Fear,"[{'auditNo': '2019-MF00001', 'watchGradeNm': '12세이상관람가'}]",20190214,115,"[{'genreNm': '애니메이션'}, {'genreNm': '미스터리'}]","[{'peopleNm': '야마모토 야스이치로', 'peopleNmEn': 'Yasuichiro Yamamoto'}]"
20188282,알리타: 배틀 엔젤,Alita: Battle Angel,"[{'auditNo': '2019-MF00092', 'watchGradeNm': '12세이상관람가'}, {'auditNo': '2019-MF00107', 'watchGradeNm': '12세이상관람가'}]",20190205,121,"[{'genreNm': '액션'}, {'genreNm': '어드벤처'}, {'genreNm': '멜로/로맨스'}, {'genreNm': 'SF'}, {'genreNm': '스릴러'}]","[{'peopleNm': '로버트 로드리게즈', 'peopleNmEn': 'Robert Rodriguez'}]"
20185444,레고 무비2,The Lego Movie 2: The Second Part,"[{'auditNo': '2019-MF00188', 'watchGradeNm': '전체관람가'}]",20190206,106,"[{'genreNm': '애니메이션'}, {'genreNm': '액션'}, {'genreNm': '어드벤처'}]","[{'peopleNm': '마이크 미첼', 'peopleNmEn': 'Mike Mitchell'}]"
20180868,뺑반,Hit-and-Run Squad,"[{'auditNo': '2019-MF00093', 'watchGradeNm': '15세이상관람가'}]",20190130,133,"[{'genreNm': '범죄'}, {'genreNm': '액션'}]","[{'peopleNm': '한준희', 'peopleNmEn': 'HAN Jun-hui'}]"
20186261,드래곤 길들이기 3,How to Train Your Dragon 3,"[{'auditNo': '2019-MF00019', 'watchGradeNm': '전체관람가'}, {'auditNo': '2019-MF00060', 'watchGradeNm': '전체관람가'}]",20190130,104,[{'genreNm': '애니메이션'}],"[{'peopleNm': '딘 데블로이스', 'peopleNmEn': 'Dean Deblois'}]"
20185478,극장판 헬로카봇: 옴파로스 섬의 비밀,Hello Carbot The Movie: The Secret of Omphalos Island,"[{'auditNo': '2019-MF00091', 'watchGradeNm': '전체관람가'}]",20190131,78,[{'genreNm': '애니메이션'}],"[{'peopleNm': '김진철', 'peopleNmEn': 'KIM Jin-cheol'}, {'peopleNm': '최신규', 'peopleNmEn': 'CHOI Shin-gyu'}]"
20184896,가버나움,Capharnaum,"[{'auditNo': '2019-MF00041', 'watchGradeNm': '15세이상관람가'}]",20190124,126,[{'genreNm': '드라마'}],"[{'peopleNm': '나딘 라바키', 'peopleNmEn': 'Nadine Labaki'}]"
20182530,극한직업,Extreme Job,"[{'auditNo': '2018-MF02462', 'watchGradeNm': '15세이상관람가'}]",20190123,111,[{'genreNm': '코미디'}],"[{'peopleNm': '이병헌', 'peopleNmEn': 'LEE Byoung-heon'}]"
20185124,러브 유어셀프 인 서울,LOVE YOURSELF IN SEOUL,"[{'auditNo': '2018-MF02502', 'watchGradeNm': '전체관람가'}]",20190126,111,[{'genreNm': '공연'}],[]
20189385,몬스터 파크,Here Comes the Grump,"[{'auditNo': '2018-MF01262', 'watchGradeNm': '전체관람가'}]",20190123,86,"[{'genreNm': '애니메이션'}, {'genreNm': '어드벤처'}, {'genreNm': '코미디'}, {'genreNm': '가족'}, {'genreNm': '판타지'}]","[{'peopleNm': '안드레스 코투리어', 'peopleNmEn': 'Andres Couturier'}]"
20182544,글래스,Glass,"[{'auditNo': '2018-MF02461', 'watchGradeNm': '15세이상관람가'}]",20190117,129,"[{'genreNm': '드라마'}, {'genreNm': '미스터리'}, {'genreNm': 'SF'}, {'genreNm': '스릴러'}]","[{'peopleNm': 'M. 나이트 샤말란', 'peopleNmEn': 'M. Night Shyamalan'}]"
20186324,언더독,Underdog,"[{'auditNo': '2018-MF01150', 'watchGradeNm': '전체관람가'}]",20190116,101,[{'genreNm': '애니메이션'}],"[{'peopleNm': '이춘백', 'peopleNmEn': 'LEE Chun-baek'}, {'peopleNm': '오성윤', 'peopleNmEn': 'OH Sung-yun'}]"
20182588,미래의 미라이,MIRAI,"[{'auditNo': '2018-MF01682', 'watchGradeNm': '전체관람가'}]",20190116,97,[{'genreNm': '애니메이션'}],"[{'peopleNm': '호소다 마모루', 'peopleNmEn': 'Mamoru Hosoda'}]"
20176251,내안의 그놈,The Dude in Me,"[{'auditNo': '2018-MF01859', 'watchGradeNm': '15세이상관람가'}]",20190109,122,"[{'genreNm': '판타지'}, {'genreNm': '코미디'}]","[{'peopleNm': '강효진', 'peopleNmEn': 'KANG Hyo-jin'}]"
20183915,극장판 공룡메카드: 타이니소어의 섬,,"[{'auditNo': '2018-MF02159', 'watchGradeNm': '전체관람가'}]",20190110,70,[{'genreNm': '애니메이션'}],"[{'peopleNm': '최신규', 'peopleNmEn': 'CHOI Shin-gyu'}, {'peopleNm': '유재운', 'peopleNmEn': ''}]"
20184574,그린 북,Green Book,"[{'auditNo': '2018-MF02280', 'watchGradeNm': '12세이상관람가'}]",20190109,130,[{'genreNm': '드라마'}],"[{'peopleNm': '피터 패럴리', 'peopleNmEn': 'Peter Farrelly'}]"
20189463,주먹왕 랄프 2: 인터넷 속으로,Ralph Breaks the Internet,"[{'auditNo': '2018-MF02246', 'watchGradeNm': '전체관람가'}, {'auditNo': '2018-MF02245 ', 'watchGradeNm': '전체관람가'}]",20190103,112,"[{'genreNm': '애니메이션'}, {'genreNm': '어드벤처'}, {'genreNm': '코미디'}, {'genreNm': '가족'}]","[{'peopleNm': '리치 무어', 'peopleNmEn': 'Rich Moore'}]"
20184187,언니,No Mercy,"[{'auditNo': '2018-MF02432', 'watchGradeNm': '청소년관람불가'}]",20190101,93,[{'genreNm': '액션'}],"[{'peopleNm': '임경택', 'peopleNmEn': 'LIM Kyoung-tack'}]"
20184105,말모이,MAL·MO·E: The Secret Mission,"[{'auditNo': '2018-MF02396', 'watchGradeNm': '12세이상관람가'}]",20190109,135,[{'genreNm': '드라마'}],"[{'peopleNm': '엄유나', 'peopleNmEn': 'EOM Yuna'}]"
20186281,범블비,Bumblebee,"[{'auditNo': '2018-MF02395', 'watchGradeNm': '12세이상관람가'}]",20181225,113,"[{'genreNm': '액션'}, {'genreNm': '어드벤처'}, {'genreNm': 'SF'}]","[{'peopleNm': '트래비스 나이트', 'peopleNmEn': 'Travis Knight'}]"
20170658,PMC: 더 벙커,Take Point,"[{'auditNo': '2018-MF02410', 'watchGradeNm': '15세이상관람가'}]",20181226,124,[{'genreNm': '액션'}],"[{'peopleNm': '김병우', 'peopleNmEn': 'KIM Byung-woo'}]"
20183785,점박이 한반도의 공룡2 : 새로운 낙원,,"[{'auditNo': '2018-MF02240', 'watchGradeNm': '전체관람가'}, {'auditNo': '2018-MF02449 ', 'watchGradeNm': '전체관람가'}]",20181225,93,[{'genreNm': '애니메이션'}],"[{'peopleNm': '한상호', 'peopleNmEn': ''}]"
20180290,아쿠아맨,AQUAMAN,"[{'auditNo': '2018-MF02303 ', 'watchGradeNm': '12세이상관람가'}, {'auditNo': '2018-MF02365 ', 'watchGradeNm': '12세이상관람가'}]",20181219,143,[{'genreNm': '액션'}],"[{'peopleNm': '제임스 완', 'peopleNmEn': 'James Wan'}]"
20168773,마약왕,The Drug King,"[{'auditNo': '2018-MF01606', 'watchGradeNm': '청소년관람불가'}]",20181219,139,"[{'genreNm': '범죄'}, {'genreNm': '드라마'}]","[{'peopleNm': '우민호', 'peopleNmEn': 'WOO Min-ho'}]"
20182421,그린치,The Grinch,"[{'auditNo': '2018-MF02028', 'watchGradeNm': '전체관람가'}, {'auditNo': '2018-MF02292', 'watchGradeNm': '전체관람가'}]",20181219,89,"[{'genreNm': '애니메이션'}, {'genreNm': '코미디'}]","[{'peopleNm': '스콧 모시어', 'peopleNmEn': 'Scott Mosier'}]"
20183479,극장판 짱구는 못말려: 아뵤! 쿵후 보이즈 ~라면 대란~,Crayon Shin-chan: Burst Serving! Kung Fu Boys - Ramen Rebellion,"[{'auditNo': '2018-MF02346', 'watchGradeNm': '전체관람가'}]",20181219,103,[{'genreNm': '애니메이션'}],"[{'peopleNm': '타카하시 와타루', 'peopleNmEn': 'Wataru Takahashi'}]"
20183375,극장판 포켓몬스터 모두의 이야기,Pokemon the Movie: The Power of Us,"[{'auditNo': '2018-MF02168', 'watchGradeNm': '전체관람가'}]",20181219,98,[{'genreNm': '애니메이션'}],"[{'peopleNm': '야지마 테츠오', 'peopleNmEn': 'Tetsuo Yajima'}]"
20183238,스파이더맨: 뉴 유니버스,Spider-Man: Into the Spider-Verse,"[{'auditNo': '2018-MF02316', 'watchGradeNm': '12세이상관람가'}, {'auditNo': '2018-MF02394', 'watchGradeNm': '12세이상관람가'}]",20181212,116,"[{'genreNm': '애니메이션'}, {'genreNm': '액션'}, {'genreNm': '가족'}]","[{'peopleNm': '밥 퍼시케티', 'peopleNmEn': 'Bob Persichetti'}, {'peopleNm': '피터 램지', 'peopleNmEn': 'Peter Ramsey'}, {'peopleNm': '로드니 로스맨', 'peopleNmEn': 'Rodney Rothman'}]"
20182082,부탁 하나만 들어줘,A Simple Favor,"[{'auditNo': '2018-MF02209', 'watchGradeNm': '청소년관람불가'}]",20181212,116,"[{'genreNm': '스릴러'}, {'genreNm': '미스터리'}]","[{'peopleNm': '폴 페이그', 'peopleNmEn': 'Paul Feig'}]"
20175547,스윙키즈,Swing Kids,"[{'auditNo': '2018-MF02244', 'watchGradeNm': '12세이상관람가'}]",20181219,133,[{'genreNm': '드라마'}],"[{'peopleNm': '강형철', 'peopleNmEn': 'KANG Hyoung-chul'}]"
20179230,도어락,Door Lock,"[{'auditNo': '2018-MF02157', 'watchGradeNm': '15세이상관람가'}]",20181205,102,"[{'genreNm': '스릴러'}, {'genreNm': '드라마'}]","[{'peopleNm': '이권', 'peopleNmEn': 'LEE Kwon'}]"
20189843,호두까기 인형과 4개의 왕국,The Nutcracker and the Four Realms,"[{'auditNo': '2018-MF02136', 'watchGradeNm': '전체관람가'}]",20181206,99,"[{'genreNm': '판타지'}, {'genreNm': '드라마'}]","[{'peopleNm': '라세 할스트롬', 'peopleNmEn': 'Lasse Hallstrom'}, {'peopleNm': '조 존스톤', 'peopleNmEn': 'Joe Johnston'}]"
20178825,모털 엔진,Mortal Engines,"[{'auditNo': '2018-MF02210', 'watchGradeNm': '12세이상관람가'}, {'auditNo': '2018-MF02264 ', 'watchGradeNm': '12세이상관람가'}]",20181205,128,"[{'genreNm': '액션'}, {'genreNm': '어드벤처'}, {'genreNm': 'SF'}]","[{'peopleNm': '크리스찬 리버스', 'peopleNmEn': 'Christian Rivers'}]"
20183745,런닝맨 : 풀룰루의 역습,Running Man,"[{'auditNo': '2018-MF02189', 'watchGradeNm': '전체관람가'}]",20181205,66,[{'genreNm': '애니메이션'}],"[{'peopleNm': '윤준상', 'peopleNmEn': 'YOON Jun-sang'}]"
20177552,국가부도의 날,Default,"[{'auditNo': '2018-MF01973', 'watchGradeNm': '12세이상관람가'}]",20181128,114,[{'genreNm': '드라마'}],"[{'peopleNm': '최국희', 'peopleNmEn': 'CHOI Kook-hee'}]"
20181905,후드,Robin Hood,"[{'auditNo': '2018-MF02043', 'watchGradeNm': '12세이상관람가'}]",20181128,116,[{'genreNm': '어드벤처'}],"[{'peopleNm': '오토 바서스트', 'peopleNmEn': 'Otto Bathurst'}]"
20183007,거미줄에 걸린 소녀,THE GIRL IN THE SPIDER’S WEB,"[{'auditNo': '2018-MF02211', 'watchGradeNm': '15세이상관람가'}]",20181128,115,"[{'genreNm': '액션'}, {'genreNm': '스릴러'}, {'genreNm': '범죄'}]","[{'peopleNm': '페드 알바레즈', 'peopleNmEn': 'Fede Alvarez'}]"
20182966,투 프렌즈,TWO TAILS,"[{'auditNo': '2018-MF02080', 'watchGradeNm': '전체관람가'}]",20181129,74,"[{'genreNm': '애니메이션'}, {'genreNm': '어드벤처'}]","[{'peopleNm': '빅터 아즈에프', 'peopleNmEn': 'Victor Azeev'}]"
20183073,베일리 어게인,A Dog's Purpose,"[{'auditNo': '2018-MF02082', 'watchGradeNm': '전체관람가'}]",20181122,100,"[{'genreNm': '어드벤처'}, {'genreNm': '드라마'}, {'genreNm': '코미디'}]","[{'peopleNm': '라세 할스트롬', 'peopleNmEn': 'Lasse Hallstrom'}]"
20182669,툴리,TULLY,"[{'auditNo': '2018-MF01816', 'watchGradeNm': '15세이상관람가'}]",20181122,95,[{'genreNm': '드라마'}],"[{'peopleNm': '제이슨 라이트맨', 'peopleNmEn': 'Jason Reitman'}]"
20176814,신비한 동물들과 그린델왈드의 범죄,Fantastic Beasts: The Crimes of Grindelwald,"[{'auditNo': '2018-MF02044', 'watchGradeNm': '12세이상관람가'}, {'auditNo': '2018-MF02137 ', 'watchGradeNm': '12세이상관람가'}]",20181114,133,[{'genreNm': '판타지'}],"[{'peopleNm': '데이빗 예이츠', 'peopleNmEn': 'David Yates'}]"
20183050,번 더 스테이지: 더 무비,Burn the Stage: the Movie,"[{'auditNo': '2018-MF02135', 'watchGradeNm': '전체관람가'}]",20181115,82,[{'genreNm': '기타'}],"[{'peopleNm': '박준수', 'peopleNmEn': ''}]"
20184481,성난황소,Unstoppable,"[{'auditNo': '2018-MF02083', 'watchGradeNm': '15세이상관람가'}]",20181122,115,"[{'genreNm': '범죄'}, {'genreNm': '액션'}]","[{'peopleNm': '김민호', 'peopleNmEn': 'KIM Min-ho'}]"
20182935,출국,Unfinished,"[{'auditNo': '2018-MF01929', 'watchGradeNm': '15세이상관람가'}]",20181114,104,[{'genreNm': '드라마'}],"[{'peopleNm': '노규엽', 'peopleNmEn': 'NO Gyu-yeop'}]"
20186822,너의 췌장을 먹고 싶어,I want to eat your pancreas,"[{'auditNo': '2018-MF02041', 'watchGradeNm': '12세이상관람가'}]",20181115,109,"[{'genreNm': '애니메이션'}, {'genreNm': '드라마'}]","[{'peopleNm': '우시지마 신이치로', 'peopleNmEn': 'Shinichiro Ushijima'}]"
20189869,해피 투게더,Happy Together,"[{'auditNo': '2018-MF02101', 'watchGradeNm': '12세이상관람가'}]",20181115,110,"[{'genreNm': '드라마'}, {'genreNm': '코미디'}]","[{'peopleNm': '김정환', 'peopleNmEn': ''}]"
20170513,동네사람들,Ordinary People,"[{'auditNo': '2018-MF01975', 'watchGradeNm': '15세이상관람가'}]",20181107,99,"[{'genreNm': '액션'}, {'genreNm': '스릴러'}]","[{'peopleNm': '임진순', 'peopleNmEn': 'LIM Jin-sun'}]"
20181171,바울,"Paul, Apostle Of Christ","[{'auditNo': '2018-MF01804', 'watchGradeNm': '15세이상관람가'}]",20181031,107,[{'genreNm': '드라마'}],"[{'peopleNm': '앤드류 하얏트', 'peopleNmEn': 'Andrew Hyatt'}]"
20179006,여곡성,The Wrath,"[{'auditNo': '2018-MF01703', 'watchGradeNm': '15세이상관람가'}]",20181108,94,"[{'genreNm': '공포(호러)'}, {'genreNm': '미스터리'}]","[{'peopleNm': '유영선', 'peopleNmEn': 'YOO Young-sun'}]"
20182693,구스범스: 몬스터의 역습,Goosebumps 2: Haunted Halloween,"[{'auditNo': '2018-MF02084', 'watchGradeNm': '12세이상관람가'}]",20181107,89,"[{'genreNm': '판타지'}, {'genreNm': '어드벤처'}]","[{'peopleNm': '아리 산델', 'peopleNmEn': 'Ari Sandel'}]"
20185485,보헤미안 랩소디,Bohemian Rhapsody,"[{'auditNo': '2018-MF01972', 'watchGradeNm': '12세이상관람가'}]",20181031,134,[{'genreNm': '드라마'}],"[{'peopleNm': '브라이언 싱어', 'peopleNmEn': 'Bryan Singer'}]"
20181404,벽 속에 숨은 마법시계,The house with a clock in its walls,"[{'auditNo': '2018-MF01769', 'watchGradeNm': '전체관람가'}]",20181031,105,"[{'genreNm': '판타지'}, {'genreNm': '공포(호러)'}, {'genreNm': '미스터리'}, {'genreNm': 'SF'}, {'genreNm': '스릴러'}]","[{'peopleNm': '일라이 로스', 'peopleNmEn': 'Eli Roth'}]"
20180987,할로윈,Halloween,"[{'auditNo': '2018-MF01793', 'watchGradeNm': '청소년관람불가'}]",20181031,105,[{'genreNm': '공포(호러)'}],"[{'peopleNm': '데이빗 고든 그린', 'peopleNmEn': 'David Gordon Green'}]"
20174981,창궐,Rampant,"[{'auditNo': '2018-MF01721', 'watchGradeNm': '15세이상관람가'}]",20181025,121,"[{'genreNm': '사극'}, {'genreNm': '액션'}]","[{'peopleNm': '김성훈', 'peopleNmEn': 'KIM Sung-hoon'}]"
20182403,크레이지 리치 아시안,Crazy Rich Asians,"[{'auditNo': '2018-MF01948', 'watchGradeNm': '12세이상관람가'}]",20181025,120,"[{'genreNm': '멜로/로맨스'}, {'genreNm': '코미디'}]","[{'peopleNm': '존 추', 'peopleNmEn': 'Jon Chu'}]"
20010291,해리포터와 마법사의 돌,Harry Potter And The Socrerers Stone,"[{'auditNo': '2001-F336', 'watchGradeNm': '전체관람가'}]",20011213,152,"[{'genreNm': '가족'}, {'genreNm': '판타지'}]","[{'peopleNm': '크리스 콜럼버스', 'peopleNmEn': 'Chris Columbus'}]"
20177538,완벽한 타인,Intimate Strangers,"[{'auditNo': '2018-MF01726', 'watchGradeNm': '15세이상관람가'}]",20181031,115,"[{'genreNm': '드라마'}, {'genreNm': '코미디'}]","[{'peopleNm': '이재규', 'peopleNmEn': 'LEE Jae-kyoo'}]"
20186321,퍼스트맨,First Man,"[{'auditNo': '2018-MF01768', 'watchGradeNm': '12세이상관람가'}]",20181018,141,"[{'genreNm': 'SF'}, {'genreNm': '드라마'}]","[{'peopleNm': '데이미언 셔젤', 'peopleNmEn': 'Damien Chazelle'}]"
20184678,배반의 장미,Too Hot to Die,"[{'auditNo': '2018-MF01334', 'watchGradeNm': '15세이상관람가'}]",20181018,98,[{'genreNm': '코미디'}],"[{'peopleNm': '박진영', 'peopleNmEn': 'PARK Jin-young'}]"
20187521,펭귄 하이웨이,Penguin Highway,"[{'auditNo': '2018-MF01691', 'watchGradeNm': '전체관람가'}]",20181018,117,"[{'genreNm': '애니메이션'}, {'genreNm': '어드벤처'}, {'genreNm': '판타지'}]","[{'peopleNm': '이시다 히로야스', 'peopleNmEn': 'Hiroyasu Ishida'}]"
20180628,액슬,A-X-L,"[{'auditNo': '2018-MF01847', 'watchGradeNm': '12세이상관람가'}]",20181018,98,"[{'genreNm': '액션'}, {'genreNm': '어드벤처'}]","[{'peopleNm': '올리버 달리', 'peopleNmEn': 'Oliver Daly'}]"
20189067,미쓰백,Miss Baek,"[{'auditNo': '2018-MF01507', 'watchGradeNm': '15세이상관람가'}]",20181011,97,[{'genreNm': '드라마'}],"[{'peopleNm': '이지원', 'peopleNmEn': 'LEE Ji-won'}]"
20180523,스타 이즈 본,A Star Is Born,"[{'auditNo': '2018-MF01588', 'watchGradeNm': '15세이상관람가'}]",20181009,135,"[{'genreNm': '드라마'}, {'genreNm': '멜로/로맨스'}]","[{'peopleNm': '브래들리 쿠퍼', 'peopleNmEn': 'Bradley Cooper'}]"
20180770,다이노 어드벤처2: 육해공 공룡 대백과,Planet Dinosaur,"[{'auditNo': '2018-MF01762', 'watchGradeNm': '전체관람가'}]",20181009,71,"[{'genreNm': '애니메이션'}, {'genreNm': '액션'}, {'genreNm': '가족'}]","[{'peopleNm': '마이크 데블린', 'peopleNmEn': 'Mike Devlin'}]"
20188661,에브리데이,EVERY DAY,"[{'auditNo': '2018-MF01331', 'watchGradeNm': '12세이상관람가'}]",20181011,97,[{'genreNm': '멜로/로맨스'}],"[{'peopleNm': '마이클 수지', 'peopleNmEn': 'Michael Sucsy'}]"
20177221,베놈,Venom,"[{'auditNo': '2018-MF01727', 'watchGradeNm': '15세이상관람가'}]",20181003,107,"[{'genreNm': '액션'}, {'genreNm': 'SF'}, {'genreNm': '스릴러'}]","[{'peopleNm': '루벤 플레셔', 'peopleNmEn': 'Ruben Fleischer'}]"
20179189,암수살인,Dark Figure of Crime,"[{'auditNo': '2018-MF01634', 'watchGradeNm': '15세이상관람가'}]",20181003,109,"[{'genreNm': '범죄'}, {'genreNm': '드라마'}]","[{'peopleNm': '김태균', 'peopleNmEn': 'KIM Tae-gyun'}]"
20189123,곰돌이 푸 다시 만나 행복해,Christopher Robin,"[{'auditNo': '2018-MF01639', 'watchGradeNm': '전체관람가'}]",20181003,103,[{'genreNm': '어드벤처'}],"[{'peopleNm': '마크 포스터', 'peopleNmEn': 'Marc Forster'}]"
20189462,셜록 놈즈,Sherlock Gnomes,"[{'auditNo': '2018-MF01631', 'watchGradeNm': '전체관람가'}]",20181003,86,"[{'genreNm': '애니메이션'}, {'genreNm': '코미디'}]","[{'peopleNm': '존 스티븐슨', 'peopleNmEn': 'John Stevenson'}]"
20167903,원더풀 고스트,THE SOUL-MATE,"[{'auditNo': '2018-MF01556', 'watchGradeNm': '12세이상관람가'}]",20180926,96,"[{'genreNm': '코미디'}, {'genreNm': '드라마'}, {'genreNm': '범죄'}]","[{'peopleNm': '조원희', 'peopleNmEn': 'JO Won-hee'}]"
20180167,에그엔젤 코코밍: 두근두근 핼러윈 파티,,"[{'auditNo': '2018-MF01640', 'watchGradeNm': '전체관람가'}]",20180922,68,[{'genreNm': '애니메이션'}],"[{'peopleNm': '닛타 노리오', 'peopleNmEn': 'Norio Nitta'}]"
20189746,극장판 뽀잉: 슈퍼 변신의 비밀,"Boing, The Secret of Super Transformation","[{'auditNo': '2018-MF01580', 'watchGradeNm': '전체관람가'}]",20180920,72,[{'genreNm': '애니메이션'}],"[{'peopleNm': '정미화', 'peopleNmEn': ''}]"
20172204,명당,FENGSHUI,"[{'auditNo': '2018-MF01659', 'watchGradeNm': '12세이상관람가'}]",20180919,126,[{'genreNm': '사극'}],"[{'peopleNm': '박희곤', 'peopleNmEn': 'PARK Hee-gon'}]"
20177308,협상,THE NEGOTIATION,"[{'auditNo': '2018-MF01579', 'watchGradeNm': '15세이상관람가'}]",20180919,114,[{'genreNm': '범죄'}],"[{'peopleNm': '이종석', 'peopleNmEn': 'LEE Jong-seok'}]"
20189262,더 넌,The Nun,"[{'auditNo': '2018-MF01605', 'watchGradeNm': '15세이상관람가'}]",20180919,96,[{'genreNm': '공포(호러)'}],"[{'peopleNm': '코린 하디', 'peopleNmEn': 'Corin Hardy'}]"
20188304,극장판 요괴워치 섀도사이드: 도깨비왕의 부활,Yo-Kai Watch 4,"[{'auditNo': '2018-MF01630', 'watchGradeNm': '전체관람가'}]",20180920,103,[{'genreNm': '애니메이션'}],"[{'peopleNm': '우시로 신지', 'peopleNmEn': 'Shinji Ushiro'}]"
20189268,루이스,Luis and the Aliens,"[{'auditNo': '2018-MF01576', 'watchGradeNm': '전체관람가'}]",20180920,85,[{'genreNm': '애니메이션'}],"[{'peopleNm': '울프강 라우엔슈타인', 'peopleNmEn': 'Wolfgang Lauenstein'}, {'peopleNm': '크리스토프 라우엔슈타인', 'peopleNmEn': 'Christoph Lauenstein'}]"
20156554,물괴,Monstrum,"[{'auditNo': '2018-MF01525', 'watchGradeNm': '15세이상관람가'}]",20180912,105,"[{'genreNm': '액션'}, {'genreNm': '사극'}]","[{'peopleNm': '허종호', 'peopleNmEn': 'HUH Jong-ho'}]"
20188581,더 프레데터,The Predator,"[{'auditNo': '2018-MF01578', 'watchGradeNm': '청소년관람불가'}]",20180912,107,"[{'genreNm': 'SF'}, {'genreNm': '액션'}, {'genreNm': '스릴러'}]","[{'peopleNm': '쉐인 블랙', 'peopleNmEn': 'Shane Black'}]"
20176122,안시성,The Great Battle,"[{'auditNo': '2018-MF01604', 'watchGradeNm': '12세이상관람가'}]",20180919,135,"[{'genreNm': '사극'}, {'genreNm': '액션'}]","[{'peopleNm': '김광식', 'peopleNmEn': 'KIM Kwang-sik'}]"
20189362,업그레이드,UPGRADE,"[{'auditNo': '2018-MF01151', 'watchGradeNm': '15세이상관람가'}]",20180906,100,[{'genreNm': '액션'}],"[{'peopleNm': '리 워넬', 'peopleNmEn': 'Leigh Whannell'}]"
20189261,어드리프트:우리가 함께한 바다,ADRIFT,"[{'auditNo': '2018-MF01442', 'watchGradeNm': '12세이상관람가'}]",20180906,96,"[{'genreNm': '멜로/로맨스'}, {'genreNm': '드라마'}]","[{'peopleNm': '발타자르 코루마쿠르', 'peopleNmEn': 'Baltasar Kormakur'}]"
20185046,서치,Searching,"[{'auditNo': '2018-MF01283', 'watchGradeNm': '12세이상관람가'}]",20180829,102,[{'genreNm': '드라마'}],"[{'peopleNm': '아니쉬 차간티', 'peopleNmEn': 'Aneesh Chaganty'}]"
20177537,상류사회,High Society,"[{'auditNo': '2018-MF01412', 'watchGradeNm': '청소년관람불가'}]",20180829,119,[{'genreNm': '드라마'}],"[{'peopleNm': '변혁', 'peopleNmEn': 'BYUN Daniel H.'}]"
20139221,그래비티,Gravity,"[{'auditNo': '2013-MF00637 ', 'watchGradeNm': '12세이상관람가'}, {'auditNo': '2013-MF00674 ', 'watchGradeNm': '12세이상관람가'}]",20131017,90,"[{'genreNm': 'SF'}, {'genreNm': '드라마'}]","[{'peopleNm': '알폰소 쿠아론', 'peopleNmEn': 'Alfonso Cuaron'}]"
20153446,너의 결혼식,On Your Wedding Day,"[{'auditNo': '2018-MF01200', 'watchGradeNm': '12세이상관람가'}]",20180822,110,[{'genreNm': '멜로/로맨스'}],"[{'peopleNm': '이석근', 'peopleNmEn': 'LEE Seok-keun'}]"
20187647,나를 차버린 스파이,The Spy Who Dumped Me,"[{'auditNo': '2018-MF01408', 'watchGradeNm': '15세이상관람가'}]",20180822,117,"[{'genreNm': '액션'}, {'genreNm': '코미디'}]","[{'peopleNm': '수잔나 포겔', 'peopleNmEn': 'Susanna Fogel'}]"
20187657,마일22,Mile22,"[{'auditNo': '2018-MF01457', 'watchGradeNm': '15세이상관람가'}]",20180823,94,"[{'genreNm': '액션'}, {'genreNm': '어드벤처'}, {'genreNm': '스릴러'}]","[{'peopleNm': '피터 버그', 'peopleNmEn': 'Peter Berg'}]"
20170670,목격자,The Witness,"[{'auditNo': '2018-MF01190', 'watchGradeNm': '15세이상관람가'}]",20180815,111,[{'genreNm': '스릴러'}],"[{'peopleNm': '조규장', 'peopleNmEn': 'CHO Kyu-jang'}]"
20183584,메가로돈,The Meg,"[{'auditNo': '2018-MF01181', 'watchGradeNm': '12세이상관람가'}, {'auditNo': '2018-MF01232', 'watchGradeNm': '12세이상관람가'}]",20180815,113,"[{'genreNm': '액션'}, {'genreNm': '공포(호러)'}, {'genreNm': 'SF'}]","[{'peopleNm': '존 터틀타웁', 'peopleNmEn': 'Jon Turteltaub'}]"
20187641,극장판 도라에몽: 진구의 보물섬,Doraemon the Movie: Nobita's Treasure Island,"[{'auditNo': '2018-MF01346', 'watchGradeNm': '전체관람가'}]",20180815,107,"[{'genreNm': '애니메이션'}, {'genreNm': 'SF'}, {'genreNm': '어드벤처'}]","[{'peopleNm': '이마이 카즈아키', 'peopleNmEn': 'Kazuaki Imai'}]"
20179101,공작,The Spy Gone North,"[{'auditNo': '2018-MF01305', 'watchGradeNm': '12세이상관람가'}]",20180808,137,[{'genreNm': '드라마'}],"[{'peopleNm': '윤종빈', 'peopleNmEn': 'YOON Jong-bin'}]"
20184802,몬스터 호텔 3,Hotel Transylvania 3: A Monster Vacation,"[{'auditNo': '2018-MF01304', 'watchGradeNm': '전체관람가'}]",20180808,97,"[{'genreNm': '애니메이션'}, {'genreNm': '코미디'}, {'genreNm': '가족'}, {'genreNm': '판타지'}]","[{'peopleNm': '젠디 타타코브스키', 'peopleNmEn': 'Genndy Tartakovsky'}]"
20187427,명탐정 코난 : 제로의 집행인,Detective Conan: Zero the Enforcer,"[{'auditNo': '2018-MF01293', 'watchGradeNm': '12세이상관람가'}]",20180808,110,[{'genreNm': '애니메이션'}],"[{'peopleNm': '타치카와 유즈루', 'peopleNmEn': 'Yuzuru Tachikawa'}]"
20186202,신과함께-인과 연,Along with the Gods: The Last 49 Days,"[{'auditNo': '2018-MF01211', 'watchGradeNm': '12세이상관람가'}]",20180801,141,"[{'genreNm': '판타지'}, {'genreNm': '드라마'}]","[{'peopleNm': '김용화', 'peopleNmEn': 'KIM Yong-hwa'}]"
20181181,미션 임파서블: 폴아웃,Mission:Impossible- Fallout,"[{'auditNo': '2018-MF01239', 'watchGradeNm': '15세이상관람가'}, {'auditNo': '2018-MF01263', 'watchGradeNm': '15세이상관람가'}]",20180725,147,"[{'genreNm': '액션'}, {'genreNm': '스릴러'}]","[{'peopleNm': '크리스토퍼 맥쿼리', 'peopleNmEn': 'Christopher McQuarrie'}]"
20183361,인크레더블 2,INCREDIBLES 2,"[{'auditNo': '2018-MF01174', 'watchGradeNm': '전체관람가'}]",20180718,125,"[{'genreNm': '애니메이션'}, {'genreNm': '액션'}, {'genreNm': '어드벤처'}, {'genreNm': '코미디'}, {'genreNm': '가족'}]","[{'peopleNm': '브래드 버드', 'peopleNmEn': 'Brad Bird'}]"
20186501,극장판 헬로카봇 : 백악기 시대,Hello Carbot the Movie: The Cretaceous Period,"[{'auditNo': '2018-MF01213', 'watchGradeNm': '전체관람가'}]",20180801,84,[{'genreNm': '애니메이션'}],"[{'peopleNm': '최신규', 'peopleNmEn': 'CHOI Shin-gyu'}, {'peopleNm': '김진철', 'peopleNmEn': 'KIM Jin-cheol'}]"
20185242,신비아파트: 금빛 도깨비와 비밀의 동굴,The Haunted House: The Secret of the Cave,"[{'auditNo': '2018-MF01191', 'watchGradeNm': '전체관람가'}]",20180725,67,"[{'genreNm': '애니메이션'}, {'genreNm': '판타지'}, {'genreNm': '어드벤처'}]","[{'peopleNm': '김병갑', 'peopleNmEn': 'KIM Byung-gap'}]"
20170942,인랑,ILLANG : THE WOLF BRIGADE,"[{'auditNo': '2018-MF01303', 'watchGradeNm': '15세이상관람가'}]",20180725,138,"[{'genreNm': 'SF'}, {'genreNm': '액션'}]","[{'peopleNm': '김지운', 'peopleNmEn': 'KIM Jee-woon'}]"
20181942,맘마미아!2,MAMMA MIA! HERE WE GO AGAIN,"[{'auditNo': '2018-MF01210', 'watchGradeNm': '12세이상관람가'}]",20180808,113,[{'genreNm': '뮤지컬'}],"[{'peopleNm': '올 파커', 'peopleNmEn': 'Ol Parker'}]"
20186121,어느 가족,SHOPLIFTERS,"[{'auditNo': '2018-MF01154', 'watchGradeNm': '15세이상관람가'}]",20180726,120,[{'genreNm': '드라마'}],"[{'peopleNm': '고레에다 히로카즈', 'peopleNmEn': 'Hirokazu Koreeda'}]"
20180522,앤트맨과 와스프,Ant-Man and the Wasp,"[{'auditNo': '2018-MF01124', 'watchGradeNm': '12세이상관람가'}, {'auditNo': '2018-MF01189 ', 'watchGradeNm': '12세이상관람가'}]",20180704,118,"[{'genreNm': '액션'}, {'genreNm': '어드벤처'}, {'genreNm': 'SF'}]","[{'peopleNm': '페이튼 리드', 'peopleNmEn': 'Peyton Reed'}]"
20185341,마녀,The Witch : Part 1. The Subversion,"[{'auditNo': '2018-MF01024', 'watchGradeNm': '15세이상관람가'}]",20180627,125,"[{'genreNm': '미스터리'}, {'genreNm': '액션'}]","[{'peopleNm': '박훈정', 'peopleNmEn': 'PARK Hoon-jung'}]"
