영화제목,영화 대표코드,하이퍼텍스트 link,썸네일 이미지 URL,유저 평점
<b>스파이더맨: 파 프롬 홈</b>,20196309,https://movie.naver.com/movie/bi/mi/basic.nhn?code=173123,https://ssl.pstatic.net/imgmovie/mdi/mit110/1731/173123_P06_135928.jpg,8.37
<b>알라딘</b>,20183867,https://movie.naver.com/movie/bi/mi/basic.nhn?code=163788,https://ssl.pstatic.net/imgmovie/mdi/mit110/1637/163788_P18_105943.jpg,9.43
<b>토이 스토리 4</b>,20184047,https://movie.naver.com/movie/bi/mi/basic.nhn?code=101966,https://ssl.pstatic.net/imgmovie/mdi/mit110/1019/101966_P09_114632.jpg,9.09
<b>기방도령</b>,20185353,https://movie.naver.com/movie/bi/mi/basic.nhn?code=180209,https://ssl.pstatic.net/imgmovie/mdi/mit110/1802/180209_P42_134851.jpg,5.90
<b>기생충</b>,20183782,https://movie.naver.com/movie/bi/mi/basic.nhn?code=161967,https://ssl.pstatic.net/imgmovie/mdi/mit110/1619/161967_P80_151640.jpg,8.50
<b>극장판 엉덩이 탐정: 화려한 사건 수첩</b>,20191601,https://movie.naver.com/movie/bi/mi/basic.nhn?code=183783,https://ssl.pstatic.net/imgmovie/mdi/mit110/1837/183783_P16_105340.jpg,4.08
<b>애나벨 집으로</b>,20199951,https://movie.naver.com/movie/bi/mi/basic.nhn?code=183850,https://ssl.pstatic.net/imgmovie/mdi/mit110/1838/183850_P16_113434.jpg,6.74
<b>존 윅 3: 파라벨룸</b>,20196655,https://movie.naver.com/movie/bi/mi/basic.nhn?code=181698,https://ssl.pstatic.net/imgmovie/mdi/mit110/1816/181698_P38_102749.jpg,8.27
<b>미드소마</b>,20192151,https://movie.naver.com/movie/bi/mi/basic.nhn?code=182014,https://ssl.pstatic.net/imgmovie/mdi/mit110/1820/182014_P09_102330.jpg,6.93
<b>롱 리브 더 킹: 목포 영웅</b>,20198453,https://movie.naver.com/movie/bi/mi/basic.nhn?code=179125,https://ssl.pstatic.net/imgmovie/mdi/mit110/1791/179125_P44_162751.jpg,7.64
<b>천로역정: 천국을 찾아서</b>,20190273,https://movie.naver.com/movie/bi/mi/basic.nhn?code=183836,https://ssl.pstatic.net/imgmovie/mdi/mit110/1838/183836_P33_161902.jpg,8.75
<b>비스트</b>,20182585,https://movie.naver.com/movie/bi/mi/basic.nhn?code=179875,https://ssl.pstatic.net/imgmovie/mdi/mit110/1798/179875_P37_142918.jpg,5.57
<b>맨 인 블랙: 인터내셔널</b>,20196657,https://movie.naver.com/movie/bi/mi/basic.nhn?code=97631,https://ssl.pstatic.net/imgmovie/mdi/mit110/0976/97631_P49_094859.jpg,5.31
<b>사탄의 인형</b>,20190885,https://movie.naver.com/movie/bi/mi/basic.nhn?code=183820,https://ssl.pstatic.net/imgmovie/mdi/mit110/1838/183820_P08_141424.jpg,7.00
<b>엑스맨: 다크 피닉스</b>,20182387,https://movie.naver.com/movie/bi/mi/basic.nhn?code=164125,https://ssl.pstatic.net/imgmovie/mdi/mit110/1641/164125_P65_143635.jpg,6.47
<b>로켓맨</b>,20198291,https://movie.naver.com/movie/bi/mi/basic.nhn?code=181704,https://ssl.pstatic.net/imgmovie/mdi/mit110/1817/181704_P35_105923.jpg,8.13
<b>어벤져스: 엔드게임</b>,20184889,https://movie.naver.com/movie/bi/mi/basic.nhn?code=136900,https://ssl.pstatic.net/imgmovie/mdi/mit110/1369/136900_P57_104126.jpg,9.39
<b>악인전</b>,20188941,https://movie.naver.com/movie/bi/mi/basic.nhn?code=177967,https://ssl.pstatic.net/imgmovie/mdi/mit110/1779/177967_P50_114447.jpg,7.93
<b>고질라: 킹 오브 몬스터</b>,20184865,https://movie.naver.com/movie/bi/mi/basic.nhn?code=137327,https://ssl.pstatic.net/imgmovie/mdi/mit110/1373/137327_P17_171853.jpg,7.25
<b>걸캅스</b> 누나들,20184082,https://movie.naver.com/movie/bi/mi/basic.nhn?code=186899,https://ssl.pstatic.net/imgmovie/mdi/mit110/1868/186899_P01_111320.jpg,10.00
<b>어린 의뢰인</b>,20199448,https://movie.naver.com/movie/bi/mi/basic.nhn?code=180169,https://ssl.pstatic.net/imgmovie/mdi/mit110/1801/180169_P64_101528.jpg,9.00
<b>교회오빠</b>,20198597,https://movie.naver.com/movie/bi/mi/basic.nhn?code=183132,https://ssl.pstatic.net/imgmovie/mdi/mit110/1831/183132_P05_134901.jpg,9.28
<b>더 보이</b>,20199822,https://movie.naver.com/movie/bi/mi/basic.nhn?code=181701,https://ssl.pstatic.net/imgmovie/mdi/mit110/1817/181701_P09_111143.jpg,4.95
<b>더 보이</b> 후 하네스드 더 윈드,20199822,https://movie.naver.com/movie/bi/mi/basic.nhn?code=182051,https://ssl.pstatic.net/imgmovie/mdi/mit110/1820/182051_P01_154511.jpg,7.31
<b>명탐정 피카츄</b>,20198598,https://movie.naver.com/movie/bi/mi/basic.nhn?code=167657,https://ssl.pstatic.net/imgmovie/mdi/mit110/1676/167657_P03_163928.jpg,8.12
<b>뽀로로 극장판 보물섬 대모험</b>,20198183,https://movie.naver.com/movie/bi/mi/basic.nhn?code=183136,https://ssl.pstatic.net/imgmovie/mdi/mit110/1831/183136_P10_134628.jpg,9.28
<b>어글리 돌</b>,20197147,https://movie.naver.com/movie/bi/mi/basic.nhn?code=182012,https://ssl.pstatic.net/imgmovie/mdi/mit110/1820/182012_P08_135215.jpg,9.18
<b>캡틴 마블</b>,20181877,https://movie.naver.com/movie/bi/mi/basic.nhn?code=132623,https://ssl.pstatic.net/imgmovie/mdi/mit110/1326/132623_P22_133853.jpg,6.74
<b>판의 미로 - 오필리아와 세 개의 열쇠</b>,20060347,https://movie.naver.com/movie/bi/mi/basic.nhn?code=49336,https://ssl.pstatic.net/imgmovie/mdi/mit110/0493/49336_P59_105053.jpg,7.90
<b>프렌즈: 둥지탈출</b>,20199736,https://movie.naver.com/movie/bi/mi/basic.nhn?code=184253,https://ssl.pstatic.net/imgmovie/mdi/mit110/1842/184253_P10_155905.jpg,8.86
<b>요로나의 저주</b>,20183454,https://movie.naver.com/movie/bi/mi/basic.nhn?code=180399,https://ssl.pstatic.net/imgmovie/mdi/mit110/1803/180399_P00_154546.jpg,6.90
<b>노팅 힐</b>,19990220,https://movie.naver.com/movie/bi/mi/basic.nhn?code=24830,https://ssl.pstatic.net/imgmovie/mdi/mit110/0248/24830_P18_133358.jpg,9.07
데드 <b>돈</b> 다이,20176103,https://movie.naver.com/movie/bi/mi/basic.nhn?code=185267,https://ssl.pstatic.net/imgmovie/mdi/mit110/1852/185267_P03_110346.jpg,7.42
더러운 <b>돈</b>에 손대지 마라,20176103,https://movie.naver.com/movie/bi/mi/basic.nhn?code=181559,https://ssl.pstatic.net/imgmovie/mdi/mit110/1815/181559_P04_111412.jpg,8.50
<b>헬보이</b>,20185406,https://movie.naver.com/movie/bi/mi/basic.nhn?code=164200,https://ssl.pstatic.net/imgmovie/mdi/mit110/1642/164200_P05_105455.jpg,6.87
<b>왓칭</b>,20182501,https://movie.naver.com/movie/bi/mi/basic.nhn?code=173667,https://ssl.pstatic.net/imgmovie/mdi/mit110/1736/173667_P27_101947.jpg,5.30
<b>샤잠</b>!,20196244,https://movie.naver.com/movie/bi/mi/basic.nhn?code=140649,https://ssl.pstatic.net/imgmovie/mdi/mit110/1406/140649_P11_111034.jpg,5.84
<b>어스</b>,20185352,https://movie.naver.com/movie/bi/mi/basic.nhn?code=181414,https://ssl.pstatic.net/imgmovie/mdi/mit110/1814/181414_P24_174349.jpg,6.82
<b>공포의 묘지</b>,20197423,https://movie.naver.com/movie/bi/mi/basic.nhn?code=181419,https://ssl.pstatic.net/imgmovie/mdi/mit110/1814/181419_P28_165542.jpg,4.86
<b>파이브 피트</b>,20198403,https://movie.naver.com/movie/bi/mi/basic.nhn?code=181912,https://ssl.pstatic.net/imgmovie/mdi/mit110/1819/181912_P10_135327.jpg,8.98
<b>덤보</b>,20196025,https://movie.naver.com/movie/bi/mi/basic.nhn?code=163787,https://ssl.pstatic.net/imgmovie/mdi/mit110/1637/163787_P33_174808.jpg,8.94
<b>로망</b>,20197092,https://movie.naver.com/movie/bi/mi/basic.nhn?code=182348,https://ssl.pstatic.net/imgmovie/mdi/mit110/1823/182348_P02_174720.jpg,9.30
<b>1919 유관순</b>,20197483,https://movie.naver.com/movie/bi/mi/basic.nhn?code=182407,https://ssl.pstatic.net/imgmovie/mdi/mit110/1824/182407_P00_105405.jpg,8.29
<b>이스케이프 룸</b>,20197283,https://movie.naver.com/movie/bi/mi/basic.nhn?code=180425,https://ssl.pstatic.net/imgmovie/mdi/mit110/1804/180425_P19_175210.jpg,7.63
<b>페이트 스테이 나이트 헤븐즈필 제2장 로스트 버터플라이</b>,20198603,https://movie.naver.com/movie/bi/mi/basic.nhn?code=169263,https://ssl.pstatic.net/imgmovie/mdi/mit110/1692/169263_P01_094955.jpg,7.93
<b>항거:유관순 이야기</b>,20196601,https://movie.naver.com/movie/bi/mi/basic.nhn?code=182360,https://ssl.pstatic.net/imgmovie/mdi/mit110/1823/182360_P11_140223.jpg,8.59
<b>사바하</b>,20177539,https://movie.naver.com/movie/bi/mi/basic.nhn?code=167099,https://ssl.pstatic.net/imgmovie/mdi/mit110/1670/167099_P13_101134.jpg,7.20
<b>드래곤 길들이기 3</b>,20186261,https://movie.naver.com/movie/bi/mi/basic.nhn?code=109193,https://ssl.pstatic.net/imgmovie/mdi/mit110/1091/109193_P21_103935.jpg,9.24
<b>해피 데스데이 2 유</b>,20195915,https://movie.naver.com/movie/bi/mi/basic.nhn?code=181411,https://ssl.pstatic.net/imgmovie/mdi/mit110/1814/181411_P02_101349.jpg,7.39
<b>해리 포터와 비밀의 방</b>,20020222,https://movie.naver.com/movie/bi/mi/basic.nhn?code=33930,https://ssl.pstatic.net/imgmovie/mdi/mit110/0339/C3930-06.jpg,8.86
<b>콜드 체이싱</b>,20185576,https://movie.naver.com/movie/bi/mi/basic.nhn?code=181409,https://ssl.pstatic.net/imgmovie/mdi/mit110/1814/181409_P30_100656.jpg,6.58
<b>극장판 헬로카봇:옴파로스 섬의 비밀</b>,20185478,https://movie.naver.com/movie/bi/mi/basic.nhn?code=181554,https://ssl.pstatic.net/imgmovie/mdi/mit110/1815/181554_P23_112202.jpg,8.75
<b>레고 무비2</b>,20185444,https://movie.naver.com/movie/bi/mi/basic.nhn?code=125438,https://ssl.pstatic.net/imgmovie/mdi/mit110/1254/125438_P06_114959.jpg,8.73
<b>보헤미안 랩소디</b>,20185485,https://movie.naver.com/movie/bi/mi/basic.nhn?code=156464,https://ssl.pstatic.net/imgmovie/mdi/mit110/1564/156464_P49_182103.jpg,9.42
<b>아쿠아맨</b>,20180290,https://movie.naver.com/movie/bi/mi/basic.nhn?code=151153,https://ssl.pstatic.net/imgmovie/mdi/mit110/1511/151153_P19_095147.jpg,8.35
레고 DC코믹스 슈퍼히어로 <b>아쿠아맨</b>: 아틀란티스의 분노,20180290,https://movie.naver.com/movie/bi/mi/basic.nhn?code=177965,https://ssl.pstatic.net/imgmovie/mdi/mit110/1779/177965_P01_144026.jpg,8.00
<b>범블비</b>,20186281,https://movie.naver.com/movie/bi/mi/basic.nhn?code=164139,https://ssl.pstatic.net/imgmovie/mdi/mit110/1641/164139_P12_153521.jpg,8.09
<b>PMC: 더 벙커</b>,20170658,https://movie.naver.com/movie/bi/mi/basic.nhn?code=166092,https://ssl.pstatic.net/imgmovie/mdi/mit110/1660/166092_P35_104446.jpg,5.21
<b>스윙키즈</b>,20175547,https://movie.naver.com/movie/bi/mi/basic.nhn?code=164101,https://ssl.pstatic.net/imgmovie/mdi/mit110/1641/164101_P62_155759.jpg,8.36
<b>점박이 한반도의 공룡2 : 새로운 낙원</b>,20183785,https://movie.naver.com/movie/bi/mi/basic.nhn?code=180379,https://ssl.pstatic.net/imgmovie/mdi/mit110/1803/180379_P32_111508.jpg,9.13
약혼녀의 <b>언니</b>,20184187,https://movie.naver.com/movie/bi/mi/basic.nhn?code=187444,https://ssl.pstatic.net/imgmovie/mdi/mit110/1874/187444_P01_113615.jpg,8.33
너말고 니<b>언니</b>,20184187,https://movie.naver.com/movie/bi/mi/basic.nhn?code=184698,https://ssl.pstatic.net/imgmovie/mdi/mit110/1846/184698_P01_110709.jpg,3.00
<b>그린치</b>,20182421,https://movie.naver.com/movie/bi/mi/basic.nhn?code=150688,https://ssl.pstatic.net/imgmovie/mdi/mit110/1506/150688_P30_101919.jpg,8.33
<b>극장판 짱구는 못말려: 아뵤! 쿵후 보이즈 ~라면 대란</b>~,20183479,https://movie.naver.com/movie/bi/mi/basic.nhn?code=172975,https://ssl.pstatic.net/imgmovie/mdi/mit110/1729/172975_P10_141815.jpg,8.29
<b>스파이더맨: 뉴 유니버스</b>,20183238,https://movie.naver.com/movie/bi/mi/basic.nhn?code=171725,https://ssl.pstatic.net/imgmovie/mdi/mit110/1717/171725_P18_175530.jpg,9.21
<b>국가부도의 날</b>,20177552,https://movie.naver.com/movie/bi/mi/basic.nhn?code=164192,https://ssl.pstatic.net/imgmovie/mdi/mit110/1641/164192_P45_134107.jpg,8.16
<b>도어락</b>,20179230,https://movie.naver.com/movie/bi/mi/basic.nhn?code=171755,https://ssl.pstatic.net/imgmovie/mdi/mit110/1717/171755_P39_140011.jpg,6.01
<b>극장판 포켓몬스터 모두의 이야기</b>,20183375,https://movie.naver.com/movie/bi/mi/basic.nhn?code=172187,https://ssl.pstatic.net/imgmovie/mdi/mit110/1721/172187_P19_110125.jpg,8.97
<b>호두까기 인형과 4개의 왕국</b>,20189843,https://movie.naver.com/movie/bi/mi/basic.nhn?code=158622,https://ssl.pstatic.net/imgmovie/mdi/mit110/1586/158622_P18_142307.jpg,7.16
<b>부탁 하나만 들어줘</b>,20182082,https://movie.naver.com/movie/bi/mi/basic.nhn?code=171452,https://ssl.pstatic.net/imgmovie/mdi/mit110/1714/171452_P19_174244.jpg,7.81
<b>모털 엔진</b>,20178825,https://movie.naver.com/movie/bi/mi/basic.nhn?code=156496,https://ssl.pstatic.net/imgmovie/mdi/mit110/1564/156496_P24_153246.jpg,6.15
<b>런닝맨 : 풀룰루의 역습</b>,20183745,https://movie.naver.com/movie/bi/mi/basic.nhn?code=180384,https://ssl.pstatic.net/imgmovie/mdi/mit110/1803/180384_P14_152246.jpg,7.73
<b>완벽한 타인</b>,20177538,https://movie.naver.com/movie/bi/mi/basic.nhn?code=167638,https://ssl.pstatic.net/imgmovie/mdi/mit110/1676/167638_P71_133542.jpg,8.63
<b>성난황소</b>,20184481,https://movie.naver.com/movie/bi/mi/basic.nhn?code=174835,https://ssl.pstatic.net/imgmovie/mdi/mit110/1748/174835_P26_105639.jpg,7.52
<b>후드</b>,20181905,https://movie.naver.com/movie/bi/mi/basic.nhn?code=144266,https://ssl.pstatic.net/imgmovie/mdi/mit110/1442/144266_P15_111933.jpg,6.61
로빈 <b>후드</b>: 리벨리언,20181905,https://movie.naver.com/movie/bi/mi/basic.nhn?code=180371,https://ssl.pstatic.net/imgmovie/mdi/mit110/1803/180371_P12_101542.jpg,3.10
<b>신비한 동물들과 그린델왈드의 범죄</b>,20176814,https://movie.naver.com/movie/bi/mi/basic.nhn?code=154255,https://ssl.pstatic.net/imgmovie/mdi/mit110/1542/154255_P24_095824.jpg,6.18
<b>바울</b>,20181171,https://movie.naver.com/movie/bi/mi/basic.nhn?code=173692,https://ssl.pstatic.net/imgmovie/mdi/mit110/1736/173692_P12_102159.jpg,9.17
<b>거미줄에 걸린 소녀</b>,20183007,https://movie.naver.com/movie/bi/mi/basic.nhn?code=161868,https://ssl.pstatic.net/imgmovie/mdi/mit110/1618/161868_P24_151256.jpg,7.88
<b>투 프렌즈</b>,20182966,https://movie.naver.com/movie/bi/mi/basic.nhn?code=179138,https://ssl.pstatic.net/imgmovie/mdi/mit110/1791/179138_P01_151818.jpg,4.54
<b>번 더 스테이지: 더 무비</b>,20183050,https://movie.naver.com/movie/bi/mi/basic.nhn?code=176354,https://ssl.pstatic.net/imgmovie/mdi/mit110/1763/176354_P13_150227.jpg,9.31
<b>출국</b>,20182935,https://movie.naver.com/movie/bi/mi/basic.nhn?code=179139,https://ssl.pstatic.net/imgmovie/mdi/mit110/1791/179139_P14_100455.jpg,8.76
<b>툴리</b>,20182669,https://movie.naver.com/movie/bi/mi/basic.nhn?code=154653,https://ssl.pstatic.net/imgmovie/mdi/mit110/1546/154653_P12_102646.jpg,8.84
<b>너의 췌장을 먹고 싶어</b>,20186822,https://movie.naver.com/movie/bi/mi/basic.nhn?code=175318,https://ssl.pstatic.net/imgmovie/mdi/mit110/1753/175318_P15_105507.jpg,8.25
<b>동네사람들</b>,20170513,https://movie.naver.com/movie/bi/mi/basic.nhn?code=166610,https://ssl.pstatic.net/imgmovie/mdi/mit110/1666/166610_P58_154049.jpg,5.33
<b>해피 투게더</b>,20189869,https://movie.naver.com/movie/bi/mi/basic.nhn?code=164147,https://ssl.pstatic.net/imgmovie/mdi/mit110/1641/164147_P46_165808.jpg,7.49
<b>창궐</b>,20174981,https://movie.naver.com/movie/bi/mi/basic.nhn?code=160487,https://ssl.pstatic.net/imgmovie/mdi/mit110/1604/160487_P48_113750.jpg,5.07
<b>해리 포터와 마법사의 돌</b>,20010291,https://movie.naver.com/movie/bi/mi/basic.nhn?code=30688,https://ssl.pstatic.net/imgmovie/mdi/mit110/0306/30688_P28_142632.jpg,9.22
<b>여곡성</b>,20179006,https://movie.naver.com/movie/bi/mi/basic.nhn?code=171750,https://ssl.pstatic.net/imgmovie/mdi/mit110/1717/171750_P05_173050.jpg,4.21
<b>벽 속에 숨은 마법시계</b>,20181404,https://movie.naver.com/movie/bi/mi/basic.nhn?code=164155,https://ssl.pstatic.net/imgmovie/mdi/mit110/1641/164155_P03_122329.jpg,6.03
<b>스타 이즈 본</b>,20180523,https://movie.naver.com/movie/bi/mi/basic.nhn?code=168050,https://ssl.pstatic.net/imgmovie/mdi/mit110/1680/168050_P19_100458.jpg,9.15
<b>구스범스: 몬스터의 역습</b>,20182693,https://movie.naver.com/movie/bi/mi/basic.nhn?code=172819,https://ssl.pstatic.net/imgmovie/mdi/mit110/1728/172819_P01_163303.jpg,7.39
<b>할로윈</b>,20180987,https://movie.naver.com/movie/bi/mi/basic.nhn?code=170879,https://ssl.pstatic.net/imgmovie/mdi/mit110/1708/170879_P03_161546.jpg,6.30
구스범스: 몬스터의 역습,20180987,https://movie.naver.com/movie/bi/mi/basic.nhn?code=172819,https://ssl.pstatic.net/imgmovie/mdi/mit110/1728/172819_P01_163303.jpg,7.39
<b>암수살인</b>,20179189,https://movie.naver.com/movie/bi/mi/basic.nhn?code=167105,https://ssl.pstatic.net/imgmovie/mdi/mit110/1671/167105_P28_103614.jpg,8.32
<b>미쓰백</b>,20189067,https://movie.naver.com/movie/bi/mi/basic.nhn?code=155356,https://ssl.pstatic.net/imgmovie/mdi/mit110/1553/155356_P29_104216.jpg,9.10
<b>크레이지 리치 아시안</b>,20182403,https://movie.naver.com/movie/bi/mi/basic.nhn?code=168047,https://ssl.pstatic.net/imgmovie/mdi/mit110/1680/168047_P06_140254.jpg,7.05
<b>퍼스트맨</b>,20186321,https://movie.naver.com/movie/bi/mi/basic.nhn?code=168058,https://ssl.pstatic.net/imgmovie/mdi/mit110/1680/168058_P18_101211.jpg,6.95
<b>베놈</b>,20177221,https://movie.naver.com/movie/bi/mi/basic.nhn?code=119428,https://ssl.pstatic.net/imgmovie/mdi/mit110/1194/119428_P08_114709.jpg,7.90
<b>곰돌이 푸 다시 만나 행복해</b>,20189123,https://movie.naver.com/movie/bi/mi/basic.nhn?code=168023,https://ssl.pstatic.net/imgmovie/mdi/mit110/1680/168023_P15_161116.jpg,8.95
<b>배반의 장미</b>,20184678,https://movie.naver.com/movie/bi/mi/basic.nhn?code=174807,https://ssl.pstatic.net/imgmovie/mdi/mit110/1748/174807_P19_111000.jpg,5.35
<b>펭귄 하이웨이</b>,20187521,https://movie.naver.com/movie/bi/mi/basic.nhn?code=177381,https://ssl.pstatic.net/imgmovie/mdi/mit110/1773/177381_P01_144141.jpg,6.63
<b>액슬</b>,20180628,https://movie.naver.com/movie/bi/mi/basic.nhn?code=167481,https://ssl.pstatic.net/imgmovie/mdi/mit110/1674/167481_P05_145414.jpg,7.03
<b>다이노 어드벤처2: 육해공 공룡 대백과</b>,20180770,https://movie.naver.com/movie/bi/mi/basic.nhn?code=178402,https://ssl.pstatic.net/imgmovie/mdi/mit110/1784/178402_P16_115047.jpg,5.15
<b>셜록 놈즈</b>,20189462,https://movie.naver.com/movie/bi/mi/basic.nhn?code=158620,https://ssl.pstatic.net/imgmovie/mdi/mit110/1586/158620_P19_101107.jpg,8.51
<b>협상</b>,20177308,https://movie.naver.com/movie/bi/mi/basic.nhn?code=164106,https://ssl.pstatic.net/imgmovie/mdi/mit110/1641/164106_P16_135532.jpg,7.36
<b>에브리데이</b>,20188661,https://movie.naver.com/movie/bi/mi/basic.nhn?code=170824,https://ssl.pstatic.net/imgmovie/mdi/mit110/1708/170824_P15_182407.jpg,7.53
<b>원더풀 고스트</b>,20167903,https://movie.naver.com/movie/bi/mi/basic.nhn?code=152156,https://ssl.pstatic.net/imgmovie/mdi/mit110/1521/152156_P76_134247.jpg,6.63
<b>더 넌</b>,20189262,https://movie.naver.com/movie/bi/mi/basic.nhn?code=168049,https://ssl.pstatic.net/imgmovie/mdi/mit110/1680/168049_P02_145901.jpg,6.67
<b>더 넌</b>: 수녀의 저주,20189262,https://movie.naver.com/movie/bi/mi/basic.nhn?code=179697,https://ssl.pstatic.net/imgmovie/mdi/mit110/1796/179697_P01_140211.jpg,2.00
<b>루이스</b>,20189268,https://movie.naver.com/movie/bi/mi/basic.nhn?code=178214,https://ssl.pstatic.net/imgmovie/mdi/mit110/1782/178214_P10_102058.jpg,8.90
<b>에그엔젤 코코밍: 두근두근 핼러윈 파티</b>,20180167,https://movie.naver.com/movie/bi/mi/basic.nhn?code=178426,https://ssl.pstatic.net/imgmovie/mdi/mit110/1784/178426_P18_102633.jpg,5.33
<b>극장판 뽀잉: 슈퍼 변신의 비밀</b>,20189746,https://movie.naver.com/movie/bi/mi/basic.nhn?code=178445,https://ssl.pstatic.net/imgmovie/mdi/mit110/1784/178445_P01_100308.jpg,9.00
<b>물괴</b>,20156554,https://movie.naver.com/movie/bi/mi/basic.nhn?code=132996,https://ssl.pstatic.net/imgmovie/mdi/mit110/1329/132996_P35_100121.jpg,4.82
<b>너의 결혼식</b>,20153446,https://movie.naver.com/movie/bi/mi/basic.nhn?code=140652,https://ssl.pstatic.net/imgmovie/mdi/mit110/1406/140652_P38_143110.jpg,8.42
<b>더 프레데터</b>,20188581,https://movie.naver.com/movie/bi/mi/basic.nhn?code=127335,https://ssl.pstatic.net/imgmovie/mdi/mit110/1273/127335_P10_172314.jpg,5.82
<b>업그레이드</b>,20189362,https://movie.naver.com/movie/bi/mi/basic.nhn?code=174626,https://ssl.pstatic.net/imgmovie/mdi/mit110/1746/174626_P11_140653.jpg,9.02
<b>상류사회</b>,20177537,https://movie.naver.com/movie/bi/mi/basic.nhn?code=172010,https://ssl.pstatic.net/imgmovie/mdi/mit110/1720/172010_P10_141651.jpg,4.25
<b>맘마미아!2</b>,20181942,https://movie.naver.com/movie/bi/mi/basic.nhn?code=164115,https://ssl.pstatic.net/imgmovie/mdi/mit110/1641/164115_P50_104521.jpg,8.96
<b>공작</b>,20179101,https://movie.naver.com/movie/bi/mi/basic.nhn?code=153687,https://ssl.pstatic.net/imgmovie/mdi/mit110/1536/153687_P54_102718.jpg,6.85
<b>어드리프트:우리가 함께한 바다</b>,20189261,https://movie.naver.com/movie/bi/mi/basic.nhn?code=172768,https://ssl.pstatic.net/imgmovie/mdi/mit110/1727/172768_P23_140008.jpg,8.73
<b>나를 차버린 스파이</b>,20187647,https://movie.naver.com/movie/bi/mi/basic.nhn?code=167602,https://ssl.pstatic.net/imgmovie/mdi/mit110/1676/167602_P09_101816.jpg,7.91
<b>미션 임파서블: 폴아웃</b>,20181181,https://movie.naver.com/movie/bi/mi/basic.nhn?code=154222,https://ssl.pstatic.net/imgmovie/mdi/mit110/1542/154222_P07_114856.jpg,9.12
<b>그래비티</b>,20139221,https://movie.naver.com/movie/bi/mi/basic.nhn?code=47370,https://ssl.pstatic.net/imgmovie/mdi/mit110/0473/47370_P32_143517.jpg,8.28
<b>몬스터 호텔 3</b>,20184802,https://movie.naver.com/movie/bi/mi/basic.nhn?code=169643,https://ssl.pstatic.net/imgmovie/mdi/mit110/1696/169643_P26_103310.jpg,8.59
<b>메가로돈</b>,20183584,https://movie.naver.com/movie/bi/mi/basic.nhn?code=152661,https://ssl.pstatic.net/imgmovie/mdi/mit110/1526/152661_P02_173353.jpg,5.87
<b>마일 22</b>,20187657,https://movie.naver.com/movie/bi/mi/basic.nhn?code=171499,https://ssl.pstatic.net/imgmovie/mdi/mit110/1714/171499_P38_160259.jpg,7.41
<b>극장판 도라에몽: 진구의 보물섬</b>,20187641,https://movie.naver.com/movie/bi/mi/basic.nhn?code=172118,https://ssl.pstatic.net/imgmovie/mdi/mit110/1721/172118_P13_110330.jpg,8.76
<b>명탐정 코난 : 제로의 집행인</b>,20187427,https://movie.naver.com/movie/bi/mi/basic.nhn?code=173019,https://ssl.pstatic.net/imgmovie/mdi/mit110/1730/173019_P30_150613.jpg,9.07
<b>극장판 헬로카봇 : 백악기 시대</b>,20186501,https://movie.naver.com/movie/bi/mi/basic.nhn?code=175727,https://ssl.pstatic.net/imgmovie/mdi/mit110/1757/175727_P08_154401.jpg,9.23
<b>인크레더블 2</b>,20183361,https://movie.naver.com/movie/bi/mi/basic.nhn?code=136990,https://ssl.pstatic.net/imgmovie/mdi/mit110/1369/136990_P27_140604.jpg,9.23
<b>신비아파트: 금빛 도깨비와 비밀의 동굴</b>,20185242,https://movie.naver.com/movie/bi/mi/basic.nhn?code=174805,https://ssl.pstatic.net/imgmovie/mdi/mit110/1748/174805_P12_100714.jpg,8.72
<b>어느 가족</b>,20186121,https://movie.naver.com/movie/bi/mi/basic.nhn?code=172174,https://ssl.pstatic.net/imgmovie/mdi/mit110/1721/172174_P20_110537.jpg,9.21
<b>인랑</b>,20170942,https://movie.naver.com/movie/bi/mi/basic.nhn?code=109906,https://ssl.pstatic.net/imgmovie/mdi/mit110/1099/109906_P00_103901.jpg,3.85
<b>앤트맨과 와스프</b>,20180522,https://movie.naver.com/movie/bi/mi/basic.nhn?code=144330,https://ssl.pstatic.net/imgmovie/mdi/mit110/1443/144330_P05_110325.jpg,8.62
<b>마녀</b>,20185341,https://movie.naver.com/movie/bi/mi/basic.nhn?code=175322,https://ssl.pstatic.net/imgmovie/mdi/mit110/1753/175322_P98_135944.jpg,8.18
라플라스의 <b>마녀</b>,20185341,https://movie.naver.com/movie/bi/mi/basic.nhn?code=159863,https://ssl.pstatic.net/imgmovie/mdi/mit110/1598/159863_P09_105913.jpg,5.71
컨저링 : <b>마녀</b>의 인형,20185341,https://movie.naver.com/movie/bi/mi/basic.nhn?code=175317,https://ssl.pstatic.net/imgmovie/mdi/mit110/1753/175317_P01_152353.jpg,2.40
